<?xml version="1.0" encoding="UTF-8"?><rss version="2.0"
	xmlns:content="http://purl.org/rss/1.0/modules/content/"
	xmlns:dc="http://purl.org/dc/elements/1.1/"
	xmlns:atom="http://www.w3.org/2005/Atom"
	xmlns:sy="http://purl.org/rss/1.0/modules/syndication/"
	
	>
<channel>
	<title>
	Commenti a: Le città europee più visitate	</title>
	<atom:link href="http://localhost/exercise3/2023/03/02/le-citta-europee-piu-visitate/feed/?simply_static_page=485" rel="self" type="application/rss+xml" />
	<link>/2023/03/02/le-citta-europee-piu-visitate/</link>
	<description>Enjoy your travel</description>
	<lastBuildDate>Thu, 02 Mar 2023 19:33:11 +0000</lastBuildDate>
	<sy:updatePeriod>
	hourly	</sy:updatePeriod>
	<sy:updateFrequency>
	1	</sy:updateFrequency>
	<generator>https://wordpress.org/?v=6.1.1</generator>
</channel>
</rss>
