<?xml version="1.0" encoding="UTF-8"?><rss version="2.0"
	xmlns:content="http://purl.org/rss/1.0/modules/content/"
	xmlns:wfw="http://wellformedweb.org/CommentAPI/"
	xmlns:dc="http://purl.org/dc/elements/1.1/"
	xmlns:atom="http://www.w3.org/2005/Atom"
	xmlns:sy="http://purl.org/rss/1.0/modules/syndication/"
	xmlns:slash="http://purl.org/rss/1.0/modules/slash/"
	>

<channel>
	<title>America &#8211; Agenzia di viaggio</title>
	<atom:link href="http://localhost/exercise3/category/america/feed/?simply_static_page=431" rel="self" type="application/rss+xml" />
	<link></link>
	<description>Enjoy your travel</description>
	<lastBuildDate>Thu, 02 Mar 2023 19:35:54 +0000</lastBuildDate>
	<language>it-IT</language>
	<sy:updatePeriod>
	hourly	</sy:updatePeriod>
	<sy:updateFrequency>
	1	</sy:updateFrequency>
	<generator>https://wordpress.org/?v=6.1.1</generator>

<image>
	<url>/wp-content/uploads/2023/03/kisspng-airplane-aircraft-logo-bay-5b4f0f3cc416f9.1435969215319079008032-150x150.jpg</url>
	<title>America &#8211; Agenzia di viaggio</title>
	<link></link>
	<width>32</width>
	<height>32</height>
</image> 
	<item>
		<title>Viaggi in America</title>
		<link>/2023/03/02/viaggi-in-america/</link>
					<comments>/2023/03/02/viaggi-in-america/#respond</comments>
		
		<dc:creator><![CDATA[Shirley]]></dc:creator>
		<pubDate>Thu, 02 Mar 2023 16:48:25 +0000</pubDate>
				<category><![CDATA[America]]></category>
		<guid isPermaLink="false">/?p=97</guid>

					<description><![CDATA[Il classico viaggio negli Stati Uniti d&#8217;America nn guasta mai&#8230; Tante avventure da percorrere e luoghi fantastici da scoprire!]]></description>
										<content:encoded><![CDATA[
<p class="has-medium-font-size">Il classico viaggio negli Stati Uniti d&#8217;America nn guasta mai&#8230;</p>



<p class="has-medium-font-size">Tante avventure da percorrere e luoghi fantastici da scoprire!</p>



<figure class="wp-block-image size-large"><img decoding="async" width="1024" height="576" src="/wp-content/uploads/2023/03/maxresdefault1-1024x576.jpg" alt="" class="wp-image-118" srcset="/wp-content/uploads/2023/03/maxresdefault1-1024x576.jpg 1024w, /wp-content/uploads/2023/03/maxresdefault1-300x169.jpg 300w, /wp-content/uploads/2023/03/maxresdefault1-768x432.jpg 768w, /wp-content/uploads/2023/03/maxresdefault1.jpg 1280w" sizes="(max-width: 1024px) 100vw, 1024px" /></figure>



<figure class="wp-block-image size-full"><img decoding="async" width="550" height="366" src="/wp-content/uploads/2023/03/New-York-Times-Square-1.jpg" alt="" class="wp-image-116" srcset="/wp-content/uploads/2023/03/New-York-Times-Square-1.jpg 550w, /wp-content/uploads/2023/03/New-York-Times-Square-1-300x200.jpg 300w" sizes="(max-width: 550px) 100vw, 550px" /><figcaption class="wp-element-caption">New York, USA &#8211; May 11, 2013: Times Square with tourists. Iconified as &#8220;The Crossroads of the World&#8221; it&#8217;s the brightly illuminated hub of the Broadway Theater District.</figcaption></figure>
]]></content:encoded>
					
					<wfw:commentRss>/2023/03/02/viaggi-in-america/feed/</wfw:commentRss>
			<slash:comments>0</slash:comments>
		
		
			</item>
		<item>
		<title>Sud America</title>
		<link>/2023/03/02/sud-america/</link>
					<comments>/2023/03/02/sud-america/#respond</comments>
		
		<dc:creator><![CDATA[Shirley]]></dc:creator>
		<pubDate>Thu, 02 Mar 2023 16:39:31 +0000</pubDate>
				<category><![CDATA[America]]></category>
		<guid isPermaLink="false">/?p=86</guid>

					<description><![CDATA[Rio de Janeiro: adagiata tra una stupenda baia dalle spiagge incantevoli e una catena di montagne coperte da foreste tropicali, rappresenta il maggiore centro culturale, turistico e commerciale del Paese. Della Cidade Maravilhosa, apprezzeremo il famoso Corcovado, il Pão de Açucar, il centro storico e le sue spiagge, il Jardim Botanico, i luoghi della vita [&#8230;]]]></description>
										<content:encoded><![CDATA[<div class="wp-block-image">
<figure class="aligncenter"><img decoding="async" width="800" height="601" src="/wp-content/uploads/2023/03/Brasile.jpg" alt="" class="wp-image-110" srcset="/wp-content/uploads/2023/03/Brasile.jpg 800w, /wp-content/uploads/2023/03/Brasile-300x225.jpg 300w, /wp-content/uploads/2023/03/Brasile-768x577.jpg 768w" sizes="(max-width: 800px) 100vw, 800px" /></figure></div>


<div class="is-layout-constrained wp-block-group"><div class="wp-block-group__inner-container">
<p class="has-black-color has-text-color"><strong>Rio de Janeiro</strong>: adagiata tra una stupenda baia dalle spiagge incantevoli e una catena di montagne coperte da foreste tropicali, rappresenta il maggiore centro culturale, turistico e commerciale del Paese. Della Cidade Maravilhosa, apprezzeremo il famoso Corcovado, il Pão de Açucar, il centro storico e le sue spiagge, il Jardim Botanico, i luoghi della vita &#8216;bohemien&#8217; e della samba…</p>



<p class="has-black-color has-text-color"><strong>Foz de Iguaçu</strong>: la città si situa sulla frontiera tra Brasile, Argentina e Paraguay. Visiteremo il magnifico Parque das Aves (uccelli) e ovviamente le imponenti e suggestive cascate &#8211; sia sul lato brasiliano sia su quello argentino &#8211; che compiono 275 salti in caduta libera da altezze fino a 70 metri.</p>



<figure class="wp-block-image size-full"><img decoding="async" width="585" height="366" src="/wp-content/uploads/2023/03/Guida-ai-Posti-ed-alle-Destinazioni-piu-Belle-del-Brasile.jpg" alt="" class="wp-image-111" srcset="/wp-content/uploads/2023/03/Guida-ai-Posti-ed-alle-Destinazioni-piu-Belle-del-Brasile.jpg 585w, /wp-content/uploads/2023/03/Guida-ai-Posti-ed-alle-Destinazioni-piu-Belle-del-Brasile-300x188.jpg 300w" sizes="(max-width: 585px) 100vw, 585px" /></figure>



<p class="has-black-color has-text-color"><strong>Salvador de Bahia</strong>: la più grande città africana fuori dall&#8217;Africa! Conosceremo questa “calda” città, le sue spiagge, il sincretismo religioso e i riti trasmessi dagli schiavi africani, accompagnati da ragazzi che ci faranjno scoprire ogni aspetto della città. Da Salvador conosceremo la comunità Quilombolas di Santiago do Iguape, passando una giornata al villaggio e partecipando alla loro quotidianità.&nbsp;</p>



<p class="has-black-color has-text-color"><strong>Amazzonia</strong>: vivremo un’esperienza a contatto diretto con le comunità indigene dei Cablocos, &nbsp;che vivono sulla sponda del fiume&nbsp; e conosceremo i loro racconti di caccia e la loro organizzazione del villaggio, saremo accompagnati nella foresta da una guida&nbsp; per trekking e gite in barca.&nbsp;&nbsp;</p>
</div></div>



<p><a href="https://www.planetviaggi.it/viaggi/brasile-009#paragrafo_2"></a></p>



<h2>Galapagos &#8211; Ecuador </h2>



<p class="has-black-color has-text-color">Visita dell’arcipelago delle Galapagos, dove accompagnati da guide naturaliste si potranno ammirare le varie specie animali dal cui studio Charles Darwin ha tratto elementi fondamentali per la formulazione della teoria dell’origine delle specie.<br>Dall&#8217;aeroporto di Guayaquil si parte per le&nbsp;<strong>isole Galapagos</strong>&nbsp;arrivando nell’<strong>isola di San Cristobal</strong>&nbsp;una delle meno frequentate e forse oggi una delle più interessanti perché offre ambienti naturali ancora incontaminati.<br>Ci sposteremo poi sull’<strong>isola di Santa Cruz</strong>&nbsp;dove sarà possibile visitare l&#8217;azienda Las Primicias dove si possono apprezzare le tartarughe giganti nel loro habitat naturale e i tunnel di lava, particolari formazioni rocciose.<br>In questo piccolo arcipelago di origine vulcanica, si trovano grande varietà di specie di flora e fauna che rendono unico l’ambiente stesso.</p>



<figure class="wp-block-image size-large is-resized"><img decoding="async" src="/wp-content/uploads/2023/03/Fotolia_41681596_Subscription_Monthly_M-1024x724.jpg" alt="" class="wp-image-112" width="532" height="375" srcset="/wp-content/uploads/2023/03/Fotolia_41681596_Subscription_Monthly_M-1024x724.jpg 1024w, /wp-content/uploads/2023/03/Fotolia_41681596_Subscription_Monthly_M-300x212.jpg 300w, /wp-content/uploads/2023/03/Fotolia_41681596_Subscription_Monthly_M-768x543.jpg 768w, /wp-content/uploads/2023/03/Fotolia_41681596_Subscription_Monthly_M-1536x1086.jpg 1536w, /wp-content/uploads/2023/03/Fotolia_41681596_Subscription_Monthly_M.jpg 1639w" sizes="(max-width: 532px) 100vw, 532px" /><figcaption class="wp-element-caption">Large turtle  at the sea edge on background of a tropical landscape</figcaption></figure>


<div class="wp-block-image">
<figure class="alignright size-large is-resized"><img decoding="async" src="/wp-content/uploads/2023/03/galapagos-1920x1080-1-1024x576.webp" alt="" class="wp-image-113" width="604" height="339" srcset="/wp-content/uploads/2023/03/galapagos-1920x1080-1-1024x576.webp 1024w, /wp-content/uploads/2023/03/galapagos-1920x1080-1-300x169.webp 300w, /wp-content/uploads/2023/03/galapagos-1920x1080-1-768x432.webp 768w, /wp-content/uploads/2023/03/galapagos-1920x1080-1-1536x864.webp 1536w, /wp-content/uploads/2023/03/galapagos-1920x1080-1.webp 1920w" sizes="(max-width: 604px) 100vw, 604px" /></figure></div>


<figure class="wp-block-image size-full is-resized"><img decoding="async" src="/wp-content/uploads/2023/03/tour-delle-isole-galapagos-5-giorni-4-notti.jpg" alt="" class="wp-image-114" width="579" height="434" srcset="/wp-content/uploads/2023/03/tour-delle-isole-galapagos-5-giorni-4-notti.jpg 1024w, /wp-content/uploads/2023/03/tour-delle-isole-galapagos-5-giorni-4-notti-300x225.jpg 300w, /wp-content/uploads/2023/03/tour-delle-isole-galapagos-5-giorni-4-notti-768x576.jpg 768w" sizes="(max-width: 579px) 100vw, 579px" /></figure>
]]></content:encoded>
					
					<wfw:commentRss>/2023/03/02/sud-america/feed/</wfw:commentRss>
			<slash:comments>0</slash:comments>
		
		
			</item>
	</channel>
</rss>
