<?xml version="1.0" encoding="UTF-8"?><rss version="2.0"
	xmlns:content="http://purl.org/rss/1.0/modules/content/"
	xmlns:wfw="http://wellformedweb.org/CommentAPI/"
	xmlns:dc="http://purl.org/dc/elements/1.1/"
	xmlns:atom="http://www.w3.org/2005/Atom"
	xmlns:sy="http://purl.org/rss/1.0/modules/syndication/"
	xmlns:slash="http://purl.org/rss/1.0/modules/slash/"
	>

<channel>
	<title>Agenzia di viaggio</title>
	<atom:link href="http://localhost/exercise3/feed/?simply_static_page=406" rel="self" type="application/rss+xml" />
	<link></link>
	<description>Enjoy your travel</description>
	<lastBuildDate>Thu, 02 Mar 2023 19:35:54 +0000</lastBuildDate>
	<language>it-IT</language>
	<sy:updatePeriod>
	hourly	</sy:updatePeriod>
	<sy:updateFrequency>
	1	</sy:updateFrequency>
	<generator>https://wordpress.org/?v=6.1.1</generator>

<image>
	<url>/wp-content/uploads/2023/03/kisspng-airplane-aircraft-logo-bay-5b4f0f3cc416f9.1435969215319079008032-150x150.jpg</url>
	<title>Agenzia di viaggio</title>
	<link></link>
	<width>32</width>
	<height>32</height>
</image> 
	<item>
		<title>Le città europee più visitate</title>
		<link>/2023/03/02/le-citta-europee-piu-visitate/</link>
					<comments>/2023/03/02/le-citta-europee-piu-visitate/#respond</comments>
		
		<dc:creator><![CDATA[Shirley]]></dc:creator>
		<pubDate>Thu, 02 Mar 2023 16:52:50 +0000</pubDate>
				<category><![CDATA[Europa]]></category>
		<guid isPermaLink="false">/?p=102</guid>

					<description><![CDATA[Roma, La città eterna Parigi Londra]]></description>
										<content:encoded><![CDATA[
<p class="has-text-align-center has-black-color has-text-color has-large-font-size"><em><strong>Roma, La città eterna</strong></em></p>



<figure class="wp-block-image size-large is-resized"><img decoding="async" src="/wp-content/uploads/2023/03/roma-1024x358.jpeg" alt="" class="wp-image-127" width="839" height="293" srcset="/wp-content/uploads/2023/03/roma-1024x358.jpeg 1024w, /wp-content/uploads/2023/03/roma-300x105.jpeg 300w, /wp-content/uploads/2023/03/roma-768x269.jpeg 768w, /wp-content/uploads/2023/03/roma-1536x538.jpeg 1536w, /wp-content/uploads/2023/03/roma.jpeg 1600w" sizes="(max-width: 839px) 100vw, 839px" /></figure>



<p class="has-text-align-center has-black-color has-text-color has-large-font-size"><strong><em>Parigi </em></strong></p>


<div class="wp-block-image is-style-default">
<figure class="alignleft size-large is-resized"><img decoding="async" src="/wp-content/uploads/2023/03/paris-1024x676.jpeg" alt="" class="wp-image-126" width="818" height="539" srcset="/wp-content/uploads/2023/03/paris-1024x676.jpeg 1024w, /wp-content/uploads/2023/03/paris-300x198.jpeg 300w, /wp-content/uploads/2023/03/paris-768x507.jpeg 768w, /wp-content/uploads/2023/03/paris.jpeg 1040w" sizes="(max-width: 818px) 100vw, 818px" /></figure></div>

<div class="wp-block-image is-style-rounded">
<figure class="alignright size-large"><img decoding="async" width="1024" height="618" src="/wp-content/uploads/2023/03/lodos-1024x618.jpeg" alt="" class="wp-image-129" srcset="/wp-content/uploads/2023/03/lodos-1024x618.jpeg 1024w, /wp-content/uploads/2023/03/lodos-300x181.jpeg 300w, /wp-content/uploads/2023/03/lodos-768x464.jpeg 768w, /wp-content/uploads/2023/03/lodos.jpeg 1040w" sizes="(max-width: 1024px) 100vw, 1024px" /></figure></div>


<p class="has-black-color has-text-color has-large-font-size"><strong><em>Londra</em></strong></p>



<p></p>



<p></p>



<p></p>



<p></p>
]]></content:encoded>
					
					<wfw:commentRss>/2023/03/02/le-citta-europee-piu-visitate/feed/</wfw:commentRss>
			<slash:comments>0</slash:comments>
		
		
			</item>
		<item>
		<title>Viaggi in America</title>
		<link>/2023/03/02/viaggi-in-america/</link>
					<comments>/2023/03/02/viaggi-in-america/#respond</comments>
		
		<dc:creator><![CDATA[Shirley]]></dc:creator>
		<pubDate>Thu, 02 Mar 2023 16:48:25 +0000</pubDate>
				<category><![CDATA[America]]></category>
		<guid isPermaLink="false">/?p=97</guid>

					<description><![CDATA[Il classico viaggio negli Stati Uniti d&#8217;America nn guasta mai&#8230; Tante avventure da percorrere e luoghi fantastici da scoprire!]]></description>
										<content:encoded><![CDATA[
<p class="has-medium-font-size">Il classico viaggio negli Stati Uniti d&#8217;America nn guasta mai&#8230;</p>



<p class="has-medium-font-size">Tante avventure da percorrere e luoghi fantastici da scoprire!</p>



<figure class="wp-block-image size-large"><img decoding="async" width="1024" height="576" src="/wp-content/uploads/2023/03/maxresdefault1-1024x576.jpg" alt="" class="wp-image-118" srcset="/wp-content/uploads/2023/03/maxresdefault1-1024x576.jpg 1024w, /wp-content/uploads/2023/03/maxresdefault1-300x169.jpg 300w, /wp-content/uploads/2023/03/maxresdefault1-768x432.jpg 768w, /wp-content/uploads/2023/03/maxresdefault1.jpg 1280w" sizes="(max-width: 1024px) 100vw, 1024px" /></figure>



<figure class="wp-block-image size-full"><img decoding="async" width="550" height="366" src="/wp-content/uploads/2023/03/New-York-Times-Square-1.jpg" alt="" class="wp-image-116" srcset="/wp-content/uploads/2023/03/New-York-Times-Square-1.jpg 550w, /wp-content/uploads/2023/03/New-York-Times-Square-1-300x200.jpg 300w" sizes="(max-width: 550px) 100vw, 550px" /><figcaption class="wp-element-caption">New York, USA &#8211; May 11, 2013: Times Square with tourists. Iconified as &#8220;The Crossroads of the World&#8221; it&#8217;s the brightly illuminated hub of the Broadway Theater District.</figcaption></figure>
]]></content:encoded>
					
					<wfw:commentRss>/2023/03/02/viaggi-in-america/feed/</wfw:commentRss>
			<slash:comments>0</slash:comments>
		
		
			</item>
		<item>
		<title>Viaggi in Europa</title>
		<link>/2023/03/02/viaggi-in-europa/</link>
					<comments>/2023/03/02/viaggi-in-europa/#respond</comments>
		
		<dc:creator><![CDATA[Shirley]]></dc:creator>
		<pubDate>Thu, 02 Mar 2023 16:46:18 +0000</pubDate>
				<category><![CDATA[Europa]]></category>
		<guid isPermaLink="false">/?p=93</guid>

					<description><![CDATA[Europa conosciuta come parte del Vecchio Continente. Da sempre è tra le mete più gettonate da molti turisti di tutto il mondo. Il suo passato ricco di avvenimenti significativi, guerre di conquista, rivoluzioni culturali e movimenti artistici che hanno portato oggi, i 48 stati di cui si compone, ad essere mete di grande appeal dal [&#8230;]]]></description>
										<content:encoded><![CDATA[
<figure class="wp-block-image size-full"><img decoding="async" width="800" height="471" src="/wp-content/uploads/2023/03/turismo-europa.jpg" alt="" class="wp-image-122" srcset="/wp-content/uploads/2023/03/turismo-europa.jpg 800w, /wp-content/uploads/2023/03/turismo-europa-300x177.jpg 300w, /wp-content/uploads/2023/03/turismo-europa-768x452.jpg 768w" sizes="(max-width: 800px) 100vw, 800px" /></figure>



<p class="has-black-color has-text-color">Europa conosciuta come parte del Vecchio Continente. Da sempre è tra le mete più gettonate da molti turisti di tutto il mondo. </p>



<p class="has-black-color has-text-color">Il suo passato ricco di avvenimenti significativi, guerre di conquista, rivoluzioni culturali e movimenti artistici che hanno portato oggi, i 48 stati di cui si compone, ad essere mete di grande appeal dal punto di vista turistico.</p>



<p class="has-black-color has-text-color">Italia, il paese più amato da molti viaggiatori, famosa per i suoi paesaggi suggestivi lungo la costa.</p>



<p class="has-black-color has-text-color">Le preziose testimonianze delle epoche passate hanno lasciato il segno: il Rinascimento conduce nella sua culla per eccellenza, Firenze mentre, dal punto di vista religioso, la maggior parte della popolazione europea  legata alla religione cattolica il cui cuore pulsa nella Basilica di San Pietro, a Roma. </p>



<p class="has-black-color has-text-color">L&#8217;arco alpino che contempla le Dolomiti italiane e le cime di Francia, Svizzera e Austria fa da sfondo naturalistico a un&#8217;importante giro d&#8217;affari legato al turismo sportivo, mentre l&#8217;enogastronomia. Francia o del Portogallo. I destini dell&#8217;Europa si decidono a Bruxelles, città dinamica da molti considerata (insieme a Strasburgo e Lussemburgo) la capitale d&#8217;Europa in quanto qui ha sede la Commissione Europea e il Consiglio dell&#8217;Unione Europea. La città ospita anche una seconda sede del Parlamento Europeo.</p>



<p></p>



<figure class="wp-block-image size-full is-resized"><img decoding="async" src="/wp-content/uploads/2023/03/greece-tourism-1024x537-1.jpg" alt="" class="wp-image-124" width="836" height="438" srcset="/wp-content/uploads/2023/03/greece-tourism-1024x537-1.jpg 1024w, /wp-content/uploads/2023/03/greece-tourism-1024x537-1-300x157.jpg 300w, /wp-content/uploads/2023/03/greece-tourism-1024x537-1-768x403.jpg 768w" sizes="(max-width: 836px) 100vw, 836px" /></figure>
]]></content:encoded>
					
					<wfw:commentRss>/2023/03/02/viaggi-in-europa/feed/</wfw:commentRss>
			<slash:comments>0</slash:comments>
		
		
			</item>
		<item>
		<title>Sud America</title>
		<link>/2023/03/02/sud-america/</link>
					<comments>/2023/03/02/sud-america/#respond</comments>
		
		<dc:creator><![CDATA[Shirley]]></dc:creator>
		<pubDate>Thu, 02 Mar 2023 16:39:31 +0000</pubDate>
				<category><![CDATA[America]]></category>
		<guid isPermaLink="false">/?p=86</guid>

					<description><![CDATA[Rio de Janeiro: adagiata tra una stupenda baia dalle spiagge incantevoli e una catena di montagne coperte da foreste tropicali, rappresenta il maggiore centro culturale, turistico e commerciale del Paese. Della Cidade Maravilhosa, apprezzeremo il famoso Corcovado, il Pão de Açucar, il centro storico e le sue spiagge, il Jardim Botanico, i luoghi della vita [&#8230;]]]></description>
										<content:encoded><![CDATA[<div class="wp-block-image">
<figure class="aligncenter"><img decoding="async" width="800" height="601" src="/wp-content/uploads/2023/03/Brasile.jpg" alt="" class="wp-image-110" srcset="/wp-content/uploads/2023/03/Brasile.jpg 800w, /wp-content/uploads/2023/03/Brasile-300x225.jpg 300w, /wp-content/uploads/2023/03/Brasile-768x577.jpg 768w" sizes="(max-width: 800px) 100vw, 800px" /></figure></div>


<div class="is-layout-constrained wp-block-group"><div class="wp-block-group__inner-container">
<p class="has-black-color has-text-color"><strong>Rio de Janeiro</strong>: adagiata tra una stupenda baia dalle spiagge incantevoli e una catena di montagne coperte da foreste tropicali, rappresenta il maggiore centro culturale, turistico e commerciale del Paese. Della Cidade Maravilhosa, apprezzeremo il famoso Corcovado, il Pão de Açucar, il centro storico e le sue spiagge, il Jardim Botanico, i luoghi della vita &#8216;bohemien&#8217; e della samba…</p>



<p class="has-black-color has-text-color"><strong>Foz de Iguaçu</strong>: la città si situa sulla frontiera tra Brasile, Argentina e Paraguay. Visiteremo il magnifico Parque das Aves (uccelli) e ovviamente le imponenti e suggestive cascate &#8211; sia sul lato brasiliano sia su quello argentino &#8211; che compiono 275 salti in caduta libera da altezze fino a 70 metri.</p>



<figure class="wp-block-image size-full"><img decoding="async" width="585" height="366" src="/wp-content/uploads/2023/03/Guida-ai-Posti-ed-alle-Destinazioni-piu-Belle-del-Brasile.jpg" alt="" class="wp-image-111" srcset="/wp-content/uploads/2023/03/Guida-ai-Posti-ed-alle-Destinazioni-piu-Belle-del-Brasile.jpg 585w, /wp-content/uploads/2023/03/Guida-ai-Posti-ed-alle-Destinazioni-piu-Belle-del-Brasile-300x188.jpg 300w" sizes="(max-width: 585px) 100vw, 585px" /></figure>



<p class="has-black-color has-text-color"><strong>Salvador de Bahia</strong>: la più grande città africana fuori dall&#8217;Africa! Conosceremo questa “calda” città, le sue spiagge, il sincretismo religioso e i riti trasmessi dagli schiavi africani, accompagnati da ragazzi che ci faranjno scoprire ogni aspetto della città. Da Salvador conosceremo la comunità Quilombolas di Santiago do Iguape, passando una giornata al villaggio e partecipando alla loro quotidianità.&nbsp;</p>



<p class="has-black-color has-text-color"><strong>Amazzonia</strong>: vivremo un’esperienza a contatto diretto con le comunità indigene dei Cablocos, &nbsp;che vivono sulla sponda del fiume&nbsp; e conosceremo i loro racconti di caccia e la loro organizzazione del villaggio, saremo accompagnati nella foresta da una guida&nbsp; per trekking e gite in barca.&nbsp;&nbsp;</p>
</div></div>



<p><a href="https://www.planetviaggi.it/viaggi/brasile-009#paragrafo_2"></a></p>



<h2>Galapagos &#8211; Ecuador </h2>



<p class="has-black-color has-text-color">Visita dell’arcipelago delle Galapagos, dove accompagnati da guide naturaliste si potranno ammirare le varie specie animali dal cui studio Charles Darwin ha tratto elementi fondamentali per la formulazione della teoria dell’origine delle specie.<br>Dall&#8217;aeroporto di Guayaquil si parte per le&nbsp;<strong>isole Galapagos</strong>&nbsp;arrivando nell’<strong>isola di San Cristobal</strong>&nbsp;una delle meno frequentate e forse oggi una delle più interessanti perché offre ambienti naturali ancora incontaminati.<br>Ci sposteremo poi sull’<strong>isola di Santa Cruz</strong>&nbsp;dove sarà possibile visitare l&#8217;azienda Las Primicias dove si possono apprezzare le tartarughe giganti nel loro habitat naturale e i tunnel di lava, particolari formazioni rocciose.<br>In questo piccolo arcipelago di origine vulcanica, si trovano grande varietà di specie di flora e fauna che rendono unico l’ambiente stesso.</p>



<figure class="wp-block-image size-large is-resized"><img decoding="async" src="/wp-content/uploads/2023/03/Fotolia_41681596_Subscription_Monthly_M-1024x724.jpg" alt="" class="wp-image-112" width="532" height="375" srcset="/wp-content/uploads/2023/03/Fotolia_41681596_Subscription_Monthly_M-1024x724.jpg 1024w, /wp-content/uploads/2023/03/Fotolia_41681596_Subscription_Monthly_M-300x212.jpg 300w, /wp-content/uploads/2023/03/Fotolia_41681596_Subscription_Monthly_M-768x543.jpg 768w, /wp-content/uploads/2023/03/Fotolia_41681596_Subscription_Monthly_M-1536x1086.jpg 1536w, /wp-content/uploads/2023/03/Fotolia_41681596_Subscription_Monthly_M.jpg 1639w" sizes="(max-width: 532px) 100vw, 532px" /><figcaption class="wp-element-caption">Large turtle  at the sea edge on background of a tropical landscape</figcaption></figure>


<div class="wp-block-image">
<figure class="alignright size-large is-resized"><img decoding="async" src="/wp-content/uploads/2023/03/galapagos-1920x1080-1-1024x576.webp" alt="" class="wp-image-113" width="604" height="339" srcset="/wp-content/uploads/2023/03/galapagos-1920x1080-1-1024x576.webp 1024w, /wp-content/uploads/2023/03/galapagos-1920x1080-1-300x169.webp 300w, /wp-content/uploads/2023/03/galapagos-1920x1080-1-768x432.webp 768w, /wp-content/uploads/2023/03/galapagos-1920x1080-1-1536x864.webp 1536w, /wp-content/uploads/2023/03/galapagos-1920x1080-1.webp 1920w" sizes="(max-width: 604px) 100vw, 604px" /></figure></div>


<figure class="wp-block-image size-full is-resized"><img decoding="async" src="/wp-content/uploads/2023/03/tour-delle-isole-galapagos-5-giorni-4-notti.jpg" alt="" class="wp-image-114" width="579" height="434" srcset="/wp-content/uploads/2023/03/tour-delle-isole-galapagos-5-giorni-4-notti.jpg 1024w, /wp-content/uploads/2023/03/tour-delle-isole-galapagos-5-giorni-4-notti-300x225.jpg 300w, /wp-content/uploads/2023/03/tour-delle-isole-galapagos-5-giorni-4-notti-768x576.jpg 768w" sizes="(max-width: 579px) 100vw, 579px" /></figure>
]]></content:encoded>
					
					<wfw:commentRss>/2023/03/02/sud-america/feed/</wfw:commentRss>
			<slash:comments>0</slash:comments>
		
		
			</item>
	</channel>
</rss>
