<?xml version="1.0" encoding="UTF-8"?><rss version="2.0"
	xmlns:content="http://purl.org/rss/1.0/modules/content/"
	xmlns:wfw="http://wellformedweb.org/CommentAPI/"
	xmlns:dc="http://purl.org/dc/elements/1.1/"
	xmlns:atom="http://www.w3.org/2005/Atom"
	xmlns:sy="http://purl.org/rss/1.0/modules/syndication/"
	xmlns:slash="http://purl.org/rss/1.0/modules/slash/"
	>

<channel>
	<title>Europa &#8211; Agenzia di viaggio</title>
	<atom:link href="http://localhost/exercise3/category/europa/feed/?simply_static_page=462" rel="self" type="application/rss+xml" />
	<link></link>
	<description>Enjoy your travel</description>
	<lastBuildDate>Thu, 02 Mar 2023 19:34:56 +0000</lastBuildDate>
	<language>it-IT</language>
	<sy:updatePeriod>
	hourly	</sy:updatePeriod>
	<sy:updateFrequency>
	1	</sy:updateFrequency>
	<generator>https://wordpress.org/?v=6.1.1</generator>

<image>
	<url>/wp-content/uploads/2023/03/kisspng-airplane-aircraft-logo-bay-5b4f0f3cc416f9.1435969215319079008032-150x150.jpg</url>
	<title>Europa &#8211; Agenzia di viaggio</title>
	<link></link>
	<width>32</width>
	<height>32</height>
</image> 
	<item>
		<title>Le città europee più visitate</title>
		<link>/2023/03/02/le-citta-europee-piu-visitate/</link>
					<comments>/2023/03/02/le-citta-europee-piu-visitate/#respond</comments>
		
		<dc:creator><![CDATA[Shirley]]></dc:creator>
		<pubDate>Thu, 02 Mar 2023 16:52:50 +0000</pubDate>
				<category><![CDATA[Europa]]></category>
		<guid isPermaLink="false">/?p=102</guid>

					<description><![CDATA[Roma, La città eterna Parigi Londra]]></description>
										<content:encoded><![CDATA[
<p class="has-text-align-center has-black-color has-text-color has-large-font-size"><em><strong>Roma, La città eterna</strong></em></p>



<figure class="wp-block-image size-large is-resized"><img decoding="async" src="/wp-content/uploads/2023/03/roma-1024x358.jpeg" alt="" class="wp-image-127" width="839" height="293" srcset="/wp-content/uploads/2023/03/roma-1024x358.jpeg 1024w, /wp-content/uploads/2023/03/roma-300x105.jpeg 300w, /wp-content/uploads/2023/03/roma-768x269.jpeg 768w, /wp-content/uploads/2023/03/roma-1536x538.jpeg 1536w, /wp-content/uploads/2023/03/roma.jpeg 1600w" sizes="(max-width: 839px) 100vw, 839px" /></figure>



<p class="has-text-align-center has-black-color has-text-color has-large-font-size"><strong><em>Parigi </em></strong></p>


<div class="wp-block-image is-style-default">
<figure class="alignleft size-large is-resized"><img decoding="async" src="/wp-content/uploads/2023/03/paris-1024x676.jpeg" alt="" class="wp-image-126" width="818" height="539" srcset="/wp-content/uploads/2023/03/paris-1024x676.jpeg 1024w, /wp-content/uploads/2023/03/paris-300x198.jpeg 300w, /wp-content/uploads/2023/03/paris-768x507.jpeg 768w, /wp-content/uploads/2023/03/paris.jpeg 1040w" sizes="(max-width: 818px) 100vw, 818px" /></figure></div>

<div class="wp-block-image is-style-rounded">
<figure class="alignright size-large"><img decoding="async" width="1024" height="618" src="/wp-content/uploads/2023/03/lodos-1024x618.jpeg" alt="" class="wp-image-129" srcset="/wp-content/uploads/2023/03/lodos-1024x618.jpeg 1024w, /wp-content/uploads/2023/03/lodos-300x181.jpeg 300w, /wp-content/uploads/2023/03/lodos-768x464.jpeg 768w, /wp-content/uploads/2023/03/lodos.jpeg 1040w" sizes="(max-width: 1024px) 100vw, 1024px" /></figure></div>


<p class="has-black-color has-text-color has-large-font-size"><strong><em>Londra</em></strong></p>



<p></p>



<p></p>



<p></p>



<p></p>
]]></content:encoded>
					
					<wfw:commentRss>/2023/03/02/le-citta-europee-piu-visitate/feed/</wfw:commentRss>
			<slash:comments>0</slash:comments>
		
		
			</item>
		<item>
		<title>Viaggi in Europa</title>
		<link>/2023/03/02/viaggi-in-europa/</link>
					<comments>/2023/03/02/viaggi-in-europa/#respond</comments>
		
		<dc:creator><![CDATA[Shirley]]></dc:creator>
		<pubDate>Thu, 02 Mar 2023 16:46:18 +0000</pubDate>
				<category><![CDATA[Europa]]></category>
		<guid isPermaLink="false">/?p=93</guid>

					<description><![CDATA[Europa conosciuta come parte del Vecchio Continente. Da sempre è tra le mete più gettonate da molti turisti di tutto il mondo. Il suo passato ricco di avvenimenti significativi, guerre di conquista, rivoluzioni culturali e movimenti artistici che hanno portato oggi, i 48 stati di cui si compone, ad essere mete di grande appeal dal [&#8230;]]]></description>
										<content:encoded><![CDATA[
<figure class="wp-block-image size-full"><img decoding="async" width="800" height="471" src="/wp-content/uploads/2023/03/turismo-europa.jpg" alt="" class="wp-image-122" srcset="/wp-content/uploads/2023/03/turismo-europa.jpg 800w, /wp-content/uploads/2023/03/turismo-europa-300x177.jpg 300w, /wp-content/uploads/2023/03/turismo-europa-768x452.jpg 768w" sizes="(max-width: 800px) 100vw, 800px" /></figure>



<p class="has-black-color has-text-color">Europa conosciuta come parte del Vecchio Continente. Da sempre è tra le mete più gettonate da molti turisti di tutto il mondo. </p>



<p class="has-black-color has-text-color">Il suo passato ricco di avvenimenti significativi, guerre di conquista, rivoluzioni culturali e movimenti artistici che hanno portato oggi, i 48 stati di cui si compone, ad essere mete di grande appeal dal punto di vista turistico.</p>



<p class="has-black-color has-text-color">Italia, il paese più amato da molti viaggiatori, famosa per i suoi paesaggi suggestivi lungo la costa.</p>



<p class="has-black-color has-text-color">Le preziose testimonianze delle epoche passate hanno lasciato il segno: il Rinascimento conduce nella sua culla per eccellenza, Firenze mentre, dal punto di vista religioso, la maggior parte della popolazione europea  legata alla religione cattolica il cui cuore pulsa nella Basilica di San Pietro, a Roma. </p>



<p class="has-black-color has-text-color">L&#8217;arco alpino che contempla le Dolomiti italiane e le cime di Francia, Svizzera e Austria fa da sfondo naturalistico a un&#8217;importante giro d&#8217;affari legato al turismo sportivo, mentre l&#8217;enogastronomia. Francia o del Portogallo. I destini dell&#8217;Europa si decidono a Bruxelles, città dinamica da molti considerata (insieme a Strasburgo e Lussemburgo) la capitale d&#8217;Europa in quanto qui ha sede la Commissione Europea e il Consiglio dell&#8217;Unione Europea. La città ospita anche una seconda sede del Parlamento Europeo.</p>



<p></p>



<figure class="wp-block-image size-full is-resized"><img decoding="async" src="/wp-content/uploads/2023/03/greece-tourism-1024x537-1.jpg" alt="" class="wp-image-124" width="836" height="438" srcset="/wp-content/uploads/2023/03/greece-tourism-1024x537-1.jpg 1024w, /wp-content/uploads/2023/03/greece-tourism-1024x537-1-300x157.jpg 300w, /wp-content/uploads/2023/03/greece-tourism-1024x537-1-768x403.jpg 768w" sizes="(max-width: 836px) 100vw, 836px" /></figure>
]]></content:encoded>
					
					<wfw:commentRss>/2023/03/02/viaggi-in-europa/feed/</wfw:commentRss>
			<slash:comments>0</slash:comments>
		
		
			</item>
	</channel>
</rss>
